Date,Symbol,OpenTimeUTC,Open,High,Low,Close,Volume,CloseTimeUTC,QuoteVolume,NumberOfTrades
2025-05-15,SOLUSDT,2025-05-15T00:00:00Z,176.75000000,178.32000000,166.92000000,169.16000000,3890.06700000,2025-05-15T23:59:59.999000Z,667929.95999000,1537
2025-05-16,SOLUSDT,2025-05-16T00:00:00Z,169.09000000,174.05000000,166.49000000,167.30000000,1250.05800000,2025-05-16T23:59:59.999000Z,213715.20568000,805
2025-05-17,SOLUSDT,2025-05-17T00:00:00Z,167.46000000,169.87000000,164.19000000,165.83000000,1554.61800000,2025-05-17T23:59:59.999000Z,258257.30789000,817
2025-05-18,SOLUSDT,2025-05-18T00:00:00Z,165.84000000,176.68000000,164.80000000,173.44000000,3765.49400000,2025-05-18T23:59:59.999000Z,643091.99106000,1438
2025-05-19,SOLUSDT,2025-05-19T00:00:00Z,172.99000000,173.60000000,159.65000000,166.76000000,2249.42500000,2025-05-19T23:59:59.999000Z,369654.77302000,1086
2025-05-20,SOLUSDT,2025-05-20T00:00:00Z,166.77000000,172.88000000,164.66000000,168.65000000,4017.34800000,2025-05-20T23:59:59.999000Z,677963.19455000,960
2025-05-21,SOLUSDT,2025-05-21T00:00:00Z,168.47000000,175.55000000,165.78000000,173.99000000,2678.48100000,2025-05-21T23:59:59.999000Z,459295.48792000,1444
2025-05-22,SOLUSDT,2025-05-22T00:00:00Z,173.44000000,180.58000000,172.72000000,179.76000000,4086.05400000,2025-05-22T23:59:59.999000Z,724928.58356000,1382
2025-05-23,SOLUSDT,2025-05-23T00:00:00Z,179.73000000,187.51000000,173.48000000,174.69000000,5529.88600000,2025-05-23T23:59:59.999000Z,999928.04479000,2615
2025-05-24,SOLUSDT,2025-05-24T00:00:00Z,174.45000000,178.25000000,172.69000000,175.97000000,1061.77600000,2025-05-24T23:59:59.999000Z,185883.00104000,540
2025-05-25,SOLUSDT,2025-05-25T00:00:00Z,176.16000000,176.78000000,169.07000000,175.76000000,3783.46300000,2025-05-25T23:59:59.999000Z,651349.70023000,721
2025-05-26,SOLUSDT,2025-05-26T00:00:00Z,175.77000000,178.89000000,173.56000000,174.79000000,2235.61600000,2025-05-26T23:59:59.999000Z,395558.06657000,666
2025-05-27,SOLUSDT,2025-05-27T00:00:00Z,174.89000000,179.19000000,171.46000000,176.75000000,2737.48700000,2025-05-27T23:59:59.999000Z,483191.82270000,925
2025-05-28,SOLUSDT,2025-05-28T00:00:00Z,176.71000000,177.44000000,169.05000000,172.35000000,2086.03500000,2025-05-28T23:59:59.999000Z,357521.72155000,729
2025-05-29,SOLUSDT,2025-05-29T00:00:00Z,171.73000000,175.23000000,166.16000000,166.32000000,2865.88300000,2025-05-29T23:59:59.999000Z,490204.63875000,885
2025-05-30,SOLUSDT,2025-05-30T00:00:00Z,166.86000000,167.36000000,155.41000000,156.00000000,3063.38500000,2025-05-30T23:59:59.999000Z,494660.99208000,1211
2025-05-31,SOLUSDT,2025-05-31T00:00:00Z,156.07000000,157.89000000,148.00000000,156.62000000,2273.83300000,2025-05-31T23:59:59.999000Z,349806.65172000,929
2025-06-01,SOLUSDT,2025-06-01T00:00:00Z,156.49000000,157.87000000,150.75000000,157.71000000,1402.13800000,2025-06-01T23:59:59.999000Z,216915.14158000,701
2025-06-02,SOLUSDT,2025-06-02T00:00:00Z,157.74000000,158.76000000,151.90000000,157.05000000,1019.25900000,2025-06-02T23:59:59.999000Z,158327.25220000,545
2025-06-03,SOLUSDT,2025-06-03T00:00:00Z,156.67000000,163.41000000,154.34000000,155.33000000,1661.53400000,2025-06-03T23:59:59.999000Z,264994.21887000,1021
2025-06-04,SOLUSDT,2025-06-04T00:00:00Z,155.21000000,157.77000000,152.99000000,153.43000000,1409.24700000,2025-06-04T23:59:59.999000Z,217986.85736000,542
2025-06-05,SOLUSDT,2025-06-05T00:00:00Z,153.36000000,154.33000000,141.69000000,144.52000000,2892.38300000,2025-06-05T23:59:59.999000Z,429077.92452000,1118
2025-06-06,SOLUSDT,2025-06-06T00:00:00Z,144.53000000,152.28000000,144.41000000,147.79000000,1083.11100000,2025-06-06T23:59:59.999000Z,160626.27820000,762
2025-06-07,SOLUSDT,2025-06-07T00:00:00Z,147.79000000,152.52000000,147.01000000,149.94000000,851.85900000,2025-06-07T23:59:59.999000Z,127975.88416000,452
2025-06-08,SOLUSDT,2025-06-08T00:00:00Z,149.86000000,155.10000000,148.13000000,152.50000000,757.50000000,2025-06-08T23:59:59.999000Z,115293.33784000,631
2025-06-09,SOLUSDT,2025-06-09T00:00:00Z,152.50000000,161.49000000,149.49000000,160.99000000,2555.23900000,2025-06-09T23:59:59.999000Z,399067.43672000,1217
2025-06-10,SOLUSDT,2025-06-10T00:00:00Z,161.00000000,165.53000000,156.53000000,164.92000000,1720.13300000,2025-06-10T23:59:59.999000Z,278298.96854000,1239
2025-06-11,SOLUSDT,2025-06-11T00:00:00Z,165.12000000,168.36000000,159.30000000,161.07000000,3111.42700000,2025-06-11T23:59:59.999000Z,510387.12600000,1381
2025-06-12,SOLUSDT,2025-06-12T00:00:00Z,160.85000000,161.30000000,152.22000000,152.63000000,2445.12200000,2025-06-12T23:59:59.999000Z,385275.57742000,804
2025-06-13,SOLUSDT,2025-06-13T00:00:00Z,152.57000000,152.57000000,141.08000000,148.55000000,10152.23500000,2025-06-13T23:59:59.999000Z,1486136.71075000,1635
2025-06-14,SOLUSDT,2025-06-14T00:00:00Z,148.39000000,148.71000000,142.14000000,144.78000000,8044.10100000,2025-06-14T23:59:59.999000Z,1172202.08318000,606
2025-06-15,SOLUSDT,2025-06-15T00:00:00Z,144.88000000,153.38000000,144.42000000,152.77000000,1743.80500000,2025-06-15T23:59:59.999000Z,262157.19375000,733
2025-06-16,SOLUSDT,2025-06-16T00:00:00Z,152.79000000,158.70000000,150.48000000,150.48000000,1846.15400000,2025-06-16T23:59:59.999000Z,286607.46546000,954
2025-06-17,SOLUSDT,2025-06-17T00:00:00Z,150.68000000,154.09000000,145.82000000,147.88000000,2952.95200000,2025-06-17T23:59:59.999000Z,445004.61686000,750
2025-06-18,SOLUSDT,2025-06-18T00:00:00Z,147.45000000,149.11000000,143.85000000,146.25000000,3009.66500000,2025-06-18T23:59:59.999000Z,440678.38894000,554
2025-06-19,SOLUSDT,2025-06-19T00:00:00Z,146.44000000,147.74000000,143.18000000,147.06000000,1103.14300000,2025-06-19T23:59:59.999000Z,160551.04073000,456
2025-06-20,SOLUSDT,2025-06-20T00:00:00Z,147.43000000,148.71000000,135.89000000,140.19000000,6585.19800000,2025-06-20T23:59:59.999000Z,944952.22180000,1089
2025-06-21,SOLUSDT,2025-06-21T00:00:00Z,140.10000000,142.49000000,131.12000000,135.45000000,1700.07800000,2025-06-21T23:59:59.999000Z,232984.71513000,696
2025-06-22,SOLUSDT,2025-06-22T00:00:00Z,135.48000000,137.42000000,126.26000000,131.56000000,4554.16600000,2025-06-22T23:59:59.999000Z,596427.94422000,1104
2025-06-23,SOLUSDT,2025-06-23T00:00:00Z,131.64000000,146.61000000,130.85000000,144.50000000,4480.38600000,2025-06-23T23:59:59.999000Z,626769.12994000,1158
2025-06-24,SOLUSDT,2025-06-24T00:00:00Z,144.42000000,146.52000000,142.51000000,145.78000000,2081.98100000,2025-06-24T23:59:59.999000Z,300379.28578000,642
2025-06-25,SOLUSDT,2025-06-25T00:00:00Z,145.78000000,147.85000000,142.37000000,143.42000000,3684.02900000,2025-06-25T23:59:59.999000Z,533821.21687000,864
2025-06-26,SOLUSDT,2025-06-26T00:00:00Z,143.41000000,147.96000000,138.88000000,138.91000000,1167.35900000,2025-06-26T23:59:59.999000Z,168107.01898000,723
2025-06-27,SOLUSDT,2025-06-27T00:00:00Z,139.17000000,144.67000000,137.26000000,142.20000000,946.24900000,2025-06-27T23:59:59.999000Z,133469.64103000,643
2025-06-28,SOLUSDT,2025-06-28T00:00:00Z,141.90000000,152.69000000,141.34000000,150.70000000,1741.12100000,2025-06-28T23:59:59.999000Z,257218.77829000,991
2025-06-29,SOLUSDT,2025-06-29T00:00:00Z,150.70000000,154.64000000,149.50000000,153.26000000,1729.90900000,2025-06-29T23:59:59.999000Z,262525.62412000,537
2025-06-30,SOLUSDT,2025-06-30T00:00:00Z,153.51000000,159.88000000,149.70000000,154.81000000,4775.14000000,2025-06-30T23:59:59.999000Z,740733.80915000,1109
2025-07-01,SOLUSDT,2025-07-01T00:00:00Z,154.84000000,155.32000000,145.03000000,146.92000000,2092.79600000,2025-07-01T23:59:59.999000Z,311606.32755000,663
2025-07-02,SOLUSDT,2025-07-02T00:00:00Z,146.92000000,154.25000000,145.92000000,152.15000000,3094.43100000,2025-07-02T23:59:59.999000Z,467325.36556000,804
2025-07-03,SOLUSDT,2025-07-03T00:00:00Z,152.15000000,156.11000000,149.82000000,152.66000000,4154.44300000,2025-07-03T23:59:59.999000Z,635246.11662000,1070
2025-07-04,SOLUSDT,2025-07-04T00:00:00Z,152.48000000,153.73000000,145.00000000,147.49000000,2795.84500000,2025-07-04T23:59:59.999000Z,417539.22608000,986
2025-07-05,SOLUSDT,2025-07-05T00:00:00Z,148.12000000,148.52000000,146.00000000,147.52000000,681.89800000,2025-07-05T23:59:59.999000Z,100578.30982000,234
2025-07-06,SOLUSDT,2025-07-06T00:00:00Z,147.38000000,153.67000000,146.98000000,151.82000000,1533.34100000,2025-07-06T23:59:59.999000Z,231864.76401000,528
2025-07-07,SOLUSDT,2025-07-07T00:00:00Z,151.69000000,153.43000000,147.80000000,148.98000000,2083.50600000,2025-07-07T23:59:59.999000Z,314244.87838000,652
2025-07-08,SOLUSDT,2025-07-08T00:00:00Z,148.91000000,152.73000000,147.96000000,151.81000000,1408.00500000,2025-07-08T23:59:59.999000Z,212297.02291000,544
2025-07-09,SOLUSDT,2025-07-09T00:00:00Z,151.63000000,157.90000000,150.65000000,157.02000000,2617.93300000,2025-07-09T23:59:59.999000Z,405986.18846000,915
2025-07-10,SOLUSDT,2025-07-10T00:00:00Z,157.36000000,165.16000000,155.81000000,164.07000000,4853.78300000,2025-07-10T23:59:59.999000Z,779850.33789000,1377
2025-07-11,SOLUSDT,2025-07-11T00:00:00Z,164.35000000,168.00000000,159.71000000,162.87000000,2960.49300000,2025-07-11T23:59:59.999000Z,486969.10470000,1639
2025-07-12,SOLUSDT,2025-07-12T00:00:00Z,162.88000000,163.90000000,157.88000000,160.66000000,1051.09900000,2025-07-12T23:59:59.999000Z,169421.82241000,622
2025-07-13,SOLUSDT,2025-07-13T00:00:00Z,160.61000000,163.98000000,159.73000000,161.42000000,2059.92100000,2025-07-13T23:59:59.999000Z,333253.30976000,762
2025-07-14,SOLUSDT,2025-07-14T00:00:00Z,161.21000000,168.58000000,160.64000000,162.33000000,2808.75700000,2025-07-14T23:59:59.999000Z,465492.12302000,1626
2025-07-15,SOLUSDT,2025-07-15T00:00:00Z,162.12000000,164.17000000,157.36000000,164.10000000,2369.09400000,2025-07-15T23:59:59.999000Z,381089.48286000,1178
2025-07-16,SOLUSDT,2025-07-16T00:00:00Z,164.11000000,175.74000000,161.64000000,173.52000000,6541.89700000,2025-07-16T23:59:59.999000Z,1113670.28578000,1973
2025-07-17,SOLUSDT,2025-07-17T00:00:00Z,173.65000000,178.00000000,168.66000000,175.56000000,5270.32400000,2025-07-17T23:59:59.999000Z,914927.30867000,2206
2025-07-18,SOLUSDT,2025-07-18T00:00:00Z,175.94000000,184.08000000,173.31000000,177.13000000,6254.18400000,2025-07-18T23:59:59.999000Z,1124731.50325000,2542
2025-07-19,SOLUSDT,2025-07-19T00:00:00Z,177.32000000,178.37000000,174.21000000,176.70000000,1010.69000000,2025-07-19T23:59:59.999000Z,178459.74354000,675
2025-07-20,SOLUSDT,2025-07-20T00:00:00Z,176.98000000,183.44000000,176.45000000,181.46000000,3255.74500000,2025-07-20T23:59:59.999000Z,589208.92644000,1308
2025-07-21,SOLUSDT,2025-07-21T00:00:00Z,181.50000000,199.16000000,178.37000000,195.73000000,6878.76100000,2025-07-21T23:59:59.999000Z,1316610.57291000,3552
2025-07-22,SOLUSDT,2025-07-22T00:00:00Z,196.30000000,206.22000000,193.90000000,205.85000000,7527.59300000,2025-07-22T23:59:59.999000Z,1510130.26115000,4147
2025-07-23,SOLUSDT,2025-07-23T00:00:00Z,205.83000000,205.83000000,184.22000000,189.16000000,4438.11200000,2025-07-23T23:59:59.999000Z,853609.00273000,2351
2025-07-24,SOLUSDT,2025-07-24T00:00:00Z,189.28000000,207.61000000,169.50000000,182.79000000,7487.30100000,2025-07-24T23:59:59.999000Z,1400413.86489000,4124
2025-07-25,SOLUSDT,2025-07-25T00:00:00Z,182.77000000,186.58000000,176.02000000,186.58000000,2928.31200000,2025-07-25T23:59:59.999000Z,526407.79405000,1578
2025-07-26,SOLUSDT,2025-07-26T00:00:00Z,186.62000000,189.59000000,184.39000000,184.88000000,1836.66700000,2025-07-26T23:59:59.999000Z,343261.00649000,984
2025-07-27,SOLUSDT,2025-07-27T00:00:00Z,184.80000000,190.41000000,184.77000000,188.56000000,1559.54000000,2025-07-27T23:59:59.999000Z,292849.86781000,930
2025-07-28,SOLUSDT,2025-07-28T00:00:00Z,188.51000000,195.04000000,182.39000000,182.39000000,4422.76300000,2025-07-28T23:59:59.999000Z,826560.55447000,1891
2025-07-29,SOLUSDT,2025-07-29T00:00:00Z,183.01000000,186.49000000,178.52000000,181.61000000,2115.62000000,2025-07-29T23:59:59.999000Z,384955.55069000,951
2025-07-30,SOLUSDT,2025-07-30T00:00:00Z,181.37000000,182.46000000,171.00000000,177.69000000,1919.97500000,2025-07-30T23:59:59.999000Z,340005.86025000,1205
2025-07-31,SOLUSDT,2025-07-31T00:00:00Z,177.75000000,182.53000000,171.71000000,172.28000000,1509.57200000,2025-07-31T23:59:59.999000Z,268048.39132000,1198
2025-08-01,SOLUSDT,2025-08-01T00:00:00Z,171.97000000,172.20000000,159.34000000,163.00000000,4564.61900000,2025-08-01T23:59:59.999000Z,759043.07154000,1619
2025-08-02,SOLUSDT,2025-08-02T00:00:00Z,163.02000000,165.24000000,156.03000000,158.59000000,1754.18000000,2025-08-02T23:59:59.999000Z,283407.27233000,855
2025-08-03,SOLUSDT,2025-08-03T00:00:00Z,158.70000000,163.15000000,156.53000000,162.20000000,1447.57900000,2025-08-03T23:59:59.999000Z,233758.15379000,546
2025-08-04,SOLUSDT,2025-08-04T00:00:00Z,161.64000000,169.71000000,161.48000000,169.46000000,1451.15000000,2025-08-04T23:59:59.999000Z,240026.97660000,866
2025-08-05,SOLUSDT,2025-08-05T00:00:00Z,169.59000000,171.65000000,161.52000000,164.19000000,1179.81700000,2025-08-05T23:59:59.999000Z,196425.51640000,864
2025-08-06,SOLUSDT,2025-08-06T00:00:00Z,164.12000000,169.82000000,161.26000000,167.96000000,2087.54600000,2025-08-06T23:59:59.999000Z,344935.95301000,771
2025-08-07,SOLUSDT,2025-08-07T00:00:00Z,167.95000000,175.50000000,166.42000000,175.49000000,1687.86900000,2025-08-07T23:59:59.999000Z,288767.14191000,1077
2025-08-08,SOLUSDT,2025-08-08T00:00:00Z,175.45000000,179.51000000,173.60000000,176.70000000,2813.29200000,2025-08-08T23:59:59.999000Z,497639.16306000,1358
2025-08-09,SOLUSDT,2025-08-09T00:00:00Z,176.85000000,183.21000000,176.67000000,180.35000000,3220.16500000,2025-08-09T23:59:59.999000Z,583088.78359000,1715
2025-08-10,SOLUSDT,2025-08-10T00:00:00Z,180.06000000,186.05000000,177.63000000,182.93000000,3064.05500000,2025-08-10T23:59:59.999000Z,559059.57066000,1288
2025-08-11,SOLUSDT,2025-08-11T00:00:00Z,182.53000000,186.50000000,173.68000000,175.03000000,4420.02100000,2025-08-11T23:59:59.999000Z,798932.91393000,1895
2025-08-12,SOLUSDT,2025-08-12T00:00:00Z,174.68000000,193.51000000,173.80000000,191.95000000,5867.99500000,2025-08-12T23:59:59.999000Z,1078285.31854000,2331
2025-08-13,SOLUSDT,2025-08-13T00:00:00Z,191.84000000,204.90000000,191.67000000,201.37000000,7949.81000000,2025-08-13T23:59:59.999000Z,1582522.53316000,3422
2025-08-14,SOLUSDT,2025-08-14T00:00:00Z,201.66000000,209.67000000,187.00000000,192.52000000,8872.91500000,2025-08-14T23:59:59.999000Z,1772440.02334000,4000
2025-08-15,SOLUSDT,2025-08-15T00:00:00Z,192.24000000,197.60000000,183.49000000,185.77000000,3461.09400000,2025-08-15T23:59:59.999000Z,657773.03439000,1836
2025-08-16,SOLUSDT,2025-08-16T00:00:00Z,185.62000000,190.06000000,185.36000000,189.53000000,1121.24200000,2025-08-16T23:59:59.999000Z,210805.73095000,648
2025-08-17,SOLUSDT,2025-08-17T00:00:00Z,189.75000000,195.66000000,187.50000000,191.17000000,2621.55600000,2025-08-17T23:59:59.999000Z,504153.90449000,993
2025-08-18,SOLUSDT,2025-08-18T00:00:00Z,191.00000000,191.37000000,180.15000000,182.76000000,3020.53500000,2025-08-18T23:59:59.999000Z,553889.13629000,1454
2025-08-19,SOLUSDT,2025-08-19T00:00:00Z,182.73000000,185.74000000,175.91000000,176.05000000,3561.19200000,2025-08-19T23:59:59.999000Z,640196.93466000,1371
2025-08-20,SOLUSDT,2025-08-20T00:00:00Z,176.98000000,187.74000000,176.35000000,187.67000000,3346.07600000,2025-08-20T23:59:59.999000Z,605560.35117000,1225
2025-08-21,SOLUSDT,2025-08-21T00:00:00Z,187.77000000,190.00000000,179.42000000,180.20000000,2103.00100000,2025-08-21T23:59:59.999000Z,386087.44839000,1165
2025-08-22,SOLUSDT,2025-08-22T00:00:00Z,180.47000000,202.31000000,177.52000000,200.76000000,9720.17600000,2025-08-22T23:59:59.999000Z,1873095.02633000,4475
2025-08-23,SOLUSDT,2025-08-23T00:00:00Z,200.79000000,208.49000000,195.00000000,204.10000000,8297.22300000,2025-08-23T23:59:59.999000Z,1685379.97981000,1864
2025-08-24,SOLUSDT,2025-08-24T00:00:00Z,204.23000000,212.00000000,201.43000000,205.82000000,7739.06100000,2025-08-24T23:59:59.999000Z,1606420.47601000,3180
2025-08-25,SOLUSDT,2025-08-25T00:00:00Z,206.22000000,213.38000000,185.73000000,187.33000000,7305.85500000,2025-08-25T23:59:59.999000Z,1449554.58819000,3199
2025-08-26,SOLUSDT,2025-08-26T00:00:00Z,187.14000000,197.96000000,185.73000000,195.77000000,3114.60000000,2025-08-26T23:59:59.999000Z,603520.12938000,1613
2025-08-27,SOLUSDT,2025-08-27T00:00:00Z,195.76000000,213.28000000,194.00000000,202.70000000,63792.14300000,2025-08-27T23:59:59.999000Z,13017528.29490000,8819
2025-08-28,SOLUSDT,2025-08-28T00:00:00Z,203.15000000,216.74000000,201.85000000,214.20000000,6836.58700000,2025-08-28T23:59:59.999000Z,1443777.37304000,2533
2025-08-29,SOLUSDT,2025-08-29T00:00:00Z,214.53000000,217.93000000,200.11000000,205.48000000,7389.17300000,2025-08-29T23:59:59.999000Z,1539889.32350000,3007
2025-08-30,SOLUSDT,2025-08-30T00:00:00Z,204.59000000,206.89000000,197.78000000,202.83000000,1608.29600000,2025-08-30T23:59:59.999000Z,324648.94825000,973
2025-08-31,SOLUSDT,2025-08-31T00:00:00Z,202.67000000,207.10000000,200.42000000,200.42000000,2055.60000000,2025-08-31T23:59:59.999000Z,420783.64222000,976
2025-09-01,SOLUSDT,2025-09-01T00:00:00Z,200.53000000,204.58000000,194.33000000,197.39000000,4394.31400000,2025-09-01T23:59:59.999000Z,870875.03515000,1439
2025-09-02,SOLUSDT,2025-09-02T00:00:00Z,197.17000000,209.38000000,196.84000000,209.38000000,3407.97900000,2025-09-02T23:59:59.999000Z,696406.58124000,1520
2025-09-03,SOLUSDT,2025-09-03T00:00:00Z,209.39000000,212.94000000,207.67000000,210.46000000,1999.86000000,2025-09-03T23:59:59.999000Z,420099.37550000,891
2025-09-04,SOLUSDT,2025-09-04T00:00:00Z,210.14000000,211.85000000,201.95000000,202.45000000,7881.79100000,2025-09-04T23:59:59.999000Z,1607963.59118000,1415
2025-09-05,SOLUSDT,2025-09-05T00:00:00Z,202.15000000,209.89000000,201.04000000,203.56000000,2552.33700000,2025-09-05T23:59:59.999000Z,521020.95628000,1372
2025-09-06,SOLUSDT,2025-09-06T00:00:00Z,203.39000000,204.75000000,199.41000000,200.29000000,1321.63000000,2025-09-06T23:59:59.999000Z,267047.23389000,603
2025-09-07,SOLUSDT,2025-09-07T00:00:00Z,200.60000000,207.73000000,200.60000000,206.78000000,1215.72900000,2025-09-07T23:59:59.999000Z,247906.74092000,818
2025-09-08,SOLUSDT,2025-09-08T00:00:00Z,206.55000000,216.97000000,205.78000000,214.29000000,4014.33100000,2025-09-08T23:59:59.999000Z,856624.25447000,1691
2025-09-09,SOLUSDT,2025-09-09T00:00:00Z,213.96000000,219.59000000,211.00000000,217.23000000,3059.76200000,2025-09-09T23:59:59.999000Z,661800.19052000,1710
2025-09-10,SOLUSDT,2025-09-10T00:00:00Z,217.27000000,225.61000000,213.95000000,224.08000000,25195.02500000,2025-09-10T23:59:59.999000Z,5501830.70037000,4727
2025-09-11,SOLUSDT,2025-09-11T00:00:00Z,224.07000000,228.84000000,221.76000000,228.72000000,2706.32800000,2025-09-11T23:59:59.999000Z,611193.79850000,1551
2025-09-12,SOLUSDT,2025-09-12T00:00:00Z,228.67000000,243.79000000,227.91000000,241.71000000,7253.33500000,2025-09-12T23:59:59.999000Z,1722142.84346000,2955
2025-09-13,SOLUSDT,2025-09-13T00:00:00Z,242.36000000,243.90000000,236.10000000,242.61000000,3447.86200000,2025-09-13T23:59:59.999000Z,827627.64234000,1260
2025-09-14,SOLUSDT,2025-09-14T00:00:00Z,242.74000000,249.20000000,239.56000000,239.90000000,10530.01000000,2025-09-14T23:59:59.999000Z,2571722.11603000,3223
2025-09-15,SOLUSDT,2025-09-15T00:00:00Z,239.84000000,244.14000000,230.06000000,234.44000000,4041.71700000,2025-09-15T23:59:59.999000Z,951106.72280000,1782
2025-09-16,SOLUSDT,2025-09-16T00:00:00Z,233.92000000,240.60000000,231.64000000,236.85000000,2294.38100000,2025-09-16T23:59:59.999000Z,541267.86559000,1066
2025-09-17,SOLUSDT,2025-09-17T00:00:00Z,236.77000000,246.27000000,232.00000000,244.76000000,11136.87700000,2025-09-17T23:59:59.999000Z,2645979.06219000,3425
2025-09-18,SOLUSDT,2025-09-18T00:00:00Z,245.15000000,253.22000000,242.71000000,247.48000000,7020.95300000,2025-09-18T23:59:59.999000Z,1747034.11466000,2416
2025-09-19,SOLUSDT,2025-09-19T00:00:00Z,247.20000000,248.31000000,235.42000000,238.47000000,3585.60000000,2025-09-19T23:59:59.999000Z,865403.06610000,1465
2025-09-20,SOLUSDT,2025-09-20T00:00:00Z,238.24000000,242.95000000,237.14000000,239.78000000,2351.96400000,2025-09-20T23:59:59.999000Z,562858.03180000,828
2025-09-21,SOLUSDT,2025-09-21T00:00:00Z,239.73000000,241.80000000,235.60000000,236.19000000,1567.02700000,2025-09-21T23:59:59.999000Z,373666.63987000,638
2025-09-22,SOLUSDT,2025-09-22T00:00:00Z,236.19000000,236.83000000,216.56000000,220.75000000,4491.53800000,2025-09-22T23:59:59.999000Z,1009317.49309000,2065
2025-09-23,SOLUSDT,2025-09-23T00:00:00Z,220.08000000,221.37000000,212.63000000,213.50000000,1920.59200000,2025-09-23T23:59:59.999000Z,417087.53746000,1505
2025-09-24,SOLUSDT,2025-09-24T00:00:00Z,213.50000000,216.13000000,204.00000000,211.65000000,11541.57000000,2025-09-24T23:59:59.999000Z,2452455.35942000,2779
2025-09-25,SOLUSDT,2025-09-25T00:00:00Z,211.44000000,212.24000000,191.33000000,191.87000000,10070.61000000,2025-09-25T23:59:59.999000Z,2019904.00082000,2542
2025-09-26,SOLUSDT,2025-09-26T00:00:00Z,192.48000000,205.18000000,190.90000000,204.73000000,4240.49200000,2025-09-26T23:59:59.999000Z,840137.04991000,1419
2025-09-27,SOLUSDT,2025-09-27T00:00:00Z,204.90000000,205.40000000,199.97000000,203.30000000,818.85400000,2025-09-27T23:59:59.999000Z,166064.19964000,769
2025-09-28,SOLUSDT,2025-09-28T00:00:00Z,203.50000000,210.74000000,198.19000000,210.69000000,1825.35800000,2025-09-28T23:59:59.999000Z,375214.01655000,957
2025-09-29,SOLUSDT,2025-09-29T00:00:00Z,210.73000000,214.67000000,204.75000000,212.87000000,2408.07000000,2025-09-29T23:59:59.999000Z,504845.87846000,988
2025-09-30,SOLUSDT,2025-09-30T00:00:00Z,212.88000000,213.70000000,204.50000000,208.54000000,2070.00400000,2025-09-30T23:59:59.999000Z,431814.21718000,958
2025-10-01,SOLUSDT,2025-10-01T00:00:00Z,208.50000000,222.46000000,206.24000000,221.71000000,24077.40300000,2025-10-01T23:59:59.999000Z,5106288.52872000,3995
2025-10-02,SOLUSDT,2025-10-02T00:00:00Z,222.00000000,234.72000000,219.64000000,234.39000000,4527.57000000,2025-10-02T23:59:59.999000Z,1031830.98913000,2559
2025-10-03,SOLUSDT,2025-10-03T00:00:00Z,234.72000000,236.61000000,227.23000000,232.74000000,4414.46200000,2025-10-03T23:59:59.999000Z,1028126.44227000,2421
2025-10-04,SOLUSDT,2025-10-04T00:00:00Z,232.73000000,233.70000000,223.23000000,227.95000000,1923.99100000,2025-10-04T23:59:59.999000Z,438673.86681000,1263
2025-10-05,SOLUSDT,2025-10-05T00:00:00Z,227.66000000,236.85000000,226.67000000,228.53000000,3054.09200000,2025-10-05T23:59:59.999000Z,708202.03031000,1659
2025-10-06,SOLUSDT,2025-10-06T00:00:00Z,228.42000000,237.48000000,227.76000000,232.54000000,3127.62300000,2025-10-06T23:59:59.999000Z,728928.91290000,1655
2025-10-07,SOLUSDT,2025-10-07T00:00:00Z,232.10000000,235.07000000,220.08000000,220.84000000,4040.97900000,2025-10-07T23:59:59.999000Z,917475.95795000,1885
2025-10-08,SOLUSDT,2025-10-08T00:00:00Z,220.08000000,229.60000000,217.14000000,229.11000000,10993.78800000,2025-10-08T23:59:59.999000Z,2444241.56212000,2132
2025-10-09,SOLUSDT,2025-10-09T00:00:00Z,229.24000000,229.55000000,216.63000000,220.75000000,4611.09200000,2025-10-09T23:59:59.999000Z,1024794.99560000,1887
2025-10-10,SOLUSDT,2025-10-10T00:00:00Z,221.10000000,224.33000000,188.60000000,188.66000000,8105.66500000,2025-10-10T23:59:59.999000Z,1645066.71206000,4474
2025-10-11,SOLUSDT,2025-10-11T00:00:00Z,190.24000000,192.58000000,172.81000000,178.61000000,6165.81200000,2025-10-11T23:59:59.999000Z,1123686.24117000,4164
2025-10-12,SOLUSDT,2025-10-12T00:00:00Z,177.46000000,198.87000000,173.01000000,197.97000000,4099.55500000,2025-10-12T23:59:59.999000Z,763725.78402000,3097
2025-10-13,SOLUSDT,2025-10-13T00:00:00Z,196.16000000,208.97000000,190.32000000,208.47000000,3485.40700000,2025-10-13T23:59:59.999000Z,699273.66038000,2767
2025-10-14,SOLUSDT,2025-10-14T00:00:00Z,208.69000000,210.94000000,191.27000000,202.19000000,5236.28300000,2025-10-14T23:59:59.999000Z,1049553.05484000,3453
2025-10-15,SOLUSDT,2025-10-15T00:00:00Z,202.59000000,208.71000000,192.22000000,194.10000000,6003.95200000,2025-10-15T23:59:59.999000Z,1203774.26781000,2280
2025-10-16,SOLUSDT,2025-10-16T00:00:00Z,194.14000000,198.13000000,182.22000000,184.89000000,5907.15900000,2025-10-16T23:59:59.999000Z,1135048.14228000,2766
2025-10-17,SOLUSDT,2025-10-17T00:00:00Z,184.67000000,187.47000000,174.35000000,181.97000000,3585.63500000,2025-10-17T23:59:59.999000Z,648799.01377000,2066
2025-10-18,SOLUSDT,2025-10-18T00:00:00Z,181.91000000,188.11000000,181.80000000,187.64000000,1272.90800000,2025-10-18T23:59:59.999000Z,236218.02371000,914
2025-10-19,SOLUSDT,2025-10-19T00:00:00Z,187.67000000,192.07000000,183.34000000,187.24000000,2063.52000000,2025-10-19T23:59:59.999000Z,386887.01138000,1115
2025-10-20,SOLUSDT,2025-10-20T00:00:00Z,187.91000000,194.36000000,183.97000000,189.50000000,3097.04700000,2025-10-20T23:59:59.999000Z,588683.50620000,1600
2025-10-21,SOLUSDT,2025-10-21T00:00:00Z,189.37000000,197.40000000,182.83000000,185.39000000,3185.23600000,2025-10-21T23:59:59.999000Z,602465.22957000,1949
2025-10-22,SOLUSDT,2025-10-22T00:00:00Z,185.25000000,187.22000000,177.09000000,180.01000000,2730.42600000,2025-10-22T23:59:59.999000Z,500626.25942000,1756
2025-10-23,SOLUSDT,2025-10-23T00:00:00Z,179.95000000,193.20000000,179.73000000,191.13000000,1789.41900000,2025-10-23T23:59:59.999000Z,338167.39515000,1466
2025-10-24,SOLUSDT,2025-10-24T00:00:00Z,191.38000000,196.20000000,189.01000000,193.49000000,3854.41700000,2025-10-24T23:59:59.999000Z,741985.72896000,1529
2025-10-25,SOLUSDT,2025-10-25T00:00:00Z,193.49000000,195.00000000,191.34000000,194.18000000,1018.34600000,2025-10-25T23:59:59.999000Z,197076.86679000,888
2025-10-26,SOLUSDT,2025-10-26T00:00:00Z,193.64000000,202.08000000,192.00000000,200.09000000,1740.58100000,2025-10-26T23:59:59.999000Z,344025.62621000,1087
2025-10-27,SOLUSDT,2025-10-27T00:00:00Z,199.88000000,205.12000000,197.43000000,198.69000000,3208.21200000,2025-10-27T23:59:59.999000Z,641995.77186000,1096
2025-10-28,SOLUSDT,2025-10-28T00:00:00Z,198.74000000,203.85000000,190.60000000,194.31000000,2643.30200000,2025-10-28T23:59:59.999000Z,521581.62399000,1355
2025-10-29,SOLUSDT,2025-10-29T00:00:00Z,194.42000000,201.66000000,190.00000000,194.42000000,2748.76100000,2025-10-29T23:59:59.999000Z,539146.34198000,1553
2025-10-30,SOLUSDT,2025-10-30T00:00:00Z,193.78000000,198.09000000,178.69000000,184.78000000,4534.58200000,2025-10-30T23:59:59.999000Z,839626.95201000,2436
2025-10-31,SOLUSDT,2025-10-31T00:00:00Z,184.77000000,190.24000000,183.87000000,187.26000000,6695.01100000,2025-10-31T23:59:59.999000Z,1250081.26678000,1214
2025-11-01,SOLUSDT,2025-11-01T00:00:00Z,187.13000000,187.43000000,184.00000000,186.47000000,1469.34800000,2025-11-01T23:59:59.999000Z,273918.41393000,584
2025-11-02,SOLUSDT,2025-11-02T00:00:00Z,186.11000000,188.21000000,182.22000000,187.93000000,937.36600000,2025-11-02T23:59:59.999000Z,173380.88805000,728
2025-11-03,SOLUSDT,2025-11-03T00:00:00Z,187.90000000,188.94000000,163.44000000,166.17000000,10274.83400000,2025-11-03T23:59:59.999000Z,1804409.26433000,2748
2025-11-04,SOLUSDT,2025-11-04T00:00:00Z,166.06000000,168.43000000,146.13000000,155.23000000,11185.29800000,2025-11-04T23:59:59.999000Z,1777813.91614000,3325
2025-11-05,SOLUSDT,2025-11-05T00:00:00Z,154.98000000,164.16000000,147.41000000,162.71000000,9736.41700000,2025-11-05T23:59:59.999000Z,1575604.35044000,2285
2025-11-06,SOLUSDT,2025-11-06T00:00:00Z,162.41000000,163.38000000,153.58000000,155.23000000,2986.55200000,2025-11-06T23:59:59.999000Z,474392.18321000,1711
2025-11-07,SOLUSDT,2025-11-07T00:00:00Z,155.37000000,164.29000000,149.89000000,161.85000000,9080.63500000,2025-11-07T23:59:59.999000Z,1431841.96884000,1444
2025-11-08,SOLUSDT,2025-11-08T00:00:00Z,161.76000000,164.80000000,156.05000000,158.22000000,4194.87400000,2025-11-08T23:59:59.999000Z,675871.27719000,1007
2025-11-09,SOLUSDT,2025-11-09T00:00:00Z,158.11000000,169.06000000,155.41000000,164.30000000,3033.84500000,2025-11-09T23:59:59.999000Z,488347.18408000,1359
2025-11-10,SOLUSDT,2025-11-10T00:00:00Z,164.61000000,170.41000000,163.69000000,167.31000000,2464.55300000,2025-11-10T23:59:59.999000Z,412678.40224000,1435
2025-11-11,SOLUSDT,2025-11-11T00:00:00Z,167.45000000,171.84000000,153.91000000,154.80000000,3162.33700000,2025-11-11T23:59:59.999000Z,511839.79786000,1250
2025-11-12,SOLUSDT,2025-11-12T00:00:00Z,155.23000000,161.25000000,151.31000000,153.33000000,4182.27400000,2025-11-12T23:59:59.999000Z,651632.86247000,1129
2025-11-13,SOLUSDT,2025-11-13T00:00:00Z,153.39000000,157.10000000,141.11000000,144.59000000,4581.41300000,2025-11-13T23:59:59.999000Z,674722.51585000,1467
2025-11-14,SOLUSDT,2025-11-14T00:00:00Z,144.44000000,145.58000000,136.02000000,139.06000000,2953.01600000,2025-11-14T23:59:59.999000Z,414870.25821000,1422
2025-11-15,SOLUSDT,2025-11-15T00:00:00Z,138.90000000,144.59000000,138.69000000,139.76000000,1521.01400000,2025-11-15T23:59:59.999000Z,215619.02264000,1011
2025-11-16,SOLUSDT,2025-11-16T00:00:00Z,139.59000000,143.21000000,134.57000000,137.23000000,1865.06200000,2025-11-16T23:59:59.999000Z,255796.84277000,831
2025-11-17,SOLUSDT,2025-11-17T00:00:00Z,137.13000000,143.07000000,128.97000000,131.11000000,3859.33300000,2025-11-17T23:59:59.999000Z,523219.86015000,1396
2025-11-18,SOLUSDT,2025-11-18T00:00:00Z,130.98000000,142.09000000,129.12000000,140.77000000,3036.72000000,2025-11-18T23:59:59.999000Z,416320.83886000,1576
2025-11-19,SOLUSDT,2025-11-19T00:00:00Z,140.71000000,142.54000000,130.48000000,137.00000000,1802.42200000,2025-11-19T23:59:59.999000Z,244597.57817000,806
2025-11-20,SOLUSDT,2025-11-20T00:00:00Z,136.80000000,144.59000000,131.22000000,133.87000000,4140.25600000,2025-11-20T23:59:59.999000Z,568469.00336000,1249
2025-11-21,SOLUSDT,2025-11-21T00:00:00Z,134.26000000,134.90000000,121.75000000,128.65000000,5998.34000000,2025-11-21T23:59:59.999000Z,763867.59363000,1757
2025-11-22,SOLUSDT,2025-11-22T00:00:00Z,128.84000000,129.72000000,125.23000000,127.73000000,1871.26800000,2025-11-22T23:59:59.999000Z,237580.69174000,754
2025-11-23,SOLUSDT,2025-11-23T00:00:00Z,127.64000000,133.43000000,127.53000000,130.76000000,3553.27600000,2025-11-23T23:59:59.999000Z,464519.76792000,1120
2025-11-24,SOLUSDT,2025-11-24T00:00:00Z,130.71000000,139.77000000,128.58000000,138.40000000,4827.95900000,2025-11-24T23:59:59.999000Z,646713.43659000,1086
2025-11-25,SOLUSDT,2025-11-25T00:00:00Z,138.50000000,140.41000000,133.30000000,139.06000000,3147.29600000,2025-11-25T23:59:59.999000Z,432351.05446000,816
2025-11-26,SOLUSDT,2025-11-26T00:00:00Z,139.02000000,144.65000000,135.63000000,142.98000000,3990.37100000,2025-11-26T23:59:59.999000Z,561032.16549000,931
2025-11-27,SOLUSDT,2025-11-27T00:00:00Z,142.97000000,144.21000000,140.56000000,141.19000000,1381.59200000,2025-11-27T23:59:59.999000Z,196692.29126000,558
2025-11-28,SOLUSDT,2025-11-28T00:00:00Z,140.81000000,143.50000000,136.11000000,137.50000000,2464.45300000,2025-11-28T23:59:59.999000Z,343308.92345000,890
2025-11-29,SOLUSDT,2025-11-29T00:00:00Z,137.47000000,137.95000000,134.88000000,136.08000000,2011.41900000,2025-11-29T23:59:59.999000Z,275500.08964000,577
2025-11-30,SOLUSDT,2025-11-30T00:00:00Z,135.87000000,140.11000000,133.41000000,133.41000000,1594.87500000,2025-11-30T23:59:59.999000Z,218892.54448000,687
2025-12-01,SOLUSDT,2025-12-01T00:00:00Z,133.41000000,133.80000000,123.30000000,126.80000000,6554.67000000,2025-12-01T23:59:59.999000Z,831822.35645000,2416
2025-12-02,SOLUSDT,2025-12-02T00:00:00Z,126.69000000,140.78000000,126.06000000,138.54000000,3034.87600000,2025-12-02T23:59:59.999000Z,405649.67258000,1056
2025-12-03,SOLUSDT,2025-12-03T00:00:00Z,138.61000000,145.93000000,137.85000000,145.12000000,4238.04800000,2025-12-03T23:59:59.999000Z,599519.88090000,1108
2025-12-04,SOLUSDT,2025-12-04T00:00:00Z,144.73000000,146.85000000,137.79000000,138.98000000,1823.76000000,2025-12-04T23:59:59.999000Z,258483.35473000,703
2025-12-05,SOLUSDT,2025-12-05T00:00:00Z,139.11000000,140.67000000,130.93000000,133.08000000,2357.98500000,2025-12-05T23:59:59.999000Z,316323.97365000,717
2025-12-06,SOLUSDT,2025-12-06T00:00:00Z,133.15000000,134.12000000,131.28000000,132.38000000,733.56800000,2025-12-06T23:59:59.999000Z,97387.44936000,791
2025-12-07,SOLUSDT,2025-12-07T00:00:00Z,132.19000000,136.26000000,127.70000000,132.24000000,1743.11700000,2025-12-07T23:59:59.999000Z,228802.21744000,1331
2025-12-08,SOLUSDT,2025-12-08T00:00:00Z,131.99000000,139.28000000,131.57000000,133.30000000,1602.49000000,2025-12-08T23:59:59.999000Z,216895.52336000,796
2025-12-09,SOLUSDT,2025-12-09T00:00:00Z,133.08000000,144.78000000,131.73000000,137.93000000,2316.33800000,2025-12-09T23:59:59.999000Z,322302.14181000,1029
2025-12-10,SOLUSDT,2025-12-10T00:00:00Z,137.93000000,142.61000000,135.53000000,136.31000000,1629.03200000,2025-12-10T23:59:59.999000Z,225098.14530000,837
2025-12-11,SOLUSDT,2025-12-11T00:00:00Z,136.26000000,137.78000000,129.19000000,136.19000000,2346.03200000,2025-12-11T23:59:59.999000Z,312077.40559000,1075
2025-12-12,SOLUSDT,2025-12-12T00:00:00Z,136.35000000,140.04000000,130.43000000,132.38000000,2041.54400000,2025-12-12T23:59:59.999000Z,275686.71177000,972
2025-12-13,SOLUSDT,2025-12-13T00:00:00Z,132.65000000,134.27000000,131.71000000,133.14000000,986.34800000,2025-12-13T23:59:59.999000Z,130952.37053000,339
2025-12-14,SOLUSDT,2025-12-14T00:00:00Z,132.67000000,133.62000000,128.06000000,129.67000000,1029.28400000,2025-12-14T23:59:59.999000Z,134356.75025000,446
2025-12-15,SOLUSDT,2025-12-15T00:00:00Z,129.39000000,135.26000000,123.70000000,127.66000000,4346.77900000,2025-12-15T23:59:59.999000Z,548946.68860000,990
2025-12-16,SOLUSDT,2025-12-16T00:00:00Z,127.53000000,130.03000000,124.95000000,129.34000000,1307.85200000,2025-12-16T23:59:59.999000Z,166795.79926000,522
2025-12-17,SOLUSDT,2025-12-17T00:00:00Z,128.75000000,134.30000000,121.45000000,123.17000000,4142.27600000,2025-12-17T23:59:59.999000Z,526380.55459000,1109
2025-12-18,SOLUSDT,2025-12-18T00:00:00Z,123.36000000,128.95000000,117.00000000,119.69000000,4851.80700000,2025-12-18T23:59:59.999000Z,594067.57842000,1113
2025-12-19,SOLUSDT,2025-12-19T00:00:00Z,119.60000000,127.77000000,117.77000000,126.29000000,1409.67800000,2025-12-19T23:59:59.999000Z,175570.78164000,684
2025-12-20,SOLUSDT,2025-12-20T00:00:00Z,126.13000000,126.84000000,125.39000000,125.92000000,508.77400000,2025-12-20T23:59:59.999000Z,64226.47318000,244
2025-12-21,SOLUSDT,2025-12-21T00:00:00Z,125.83000000,126.45000000,123.54000000,126.11000000,1580.23600000,2025-12-21T23:59:59.999000Z,197611.26168000,383
2025-12-22,SOLUSDT,2025-12-22T00:00:00Z,126.09000000,128.61000000,124.31000000,125.96000000,3223.72400000,2025-12-22T23:59:59.999000Z,410292.21561000,576
2025-12-23,SOLUSDT,2025-12-23T00:00:00Z,126.03000000,126.82000000,122.22000000,123.86000000,1583.03000000,2025-12-23T23:59:59.999000Z,196082.95761000,432
2025-12-24,SOLUSDT,2025-12-24T00:00:00Z,124.10000000,124.10000000,120.72000000,122.54000000,853.11500000,2025-12-24T23:59:59.999000Z,104643.87432000,354
2025-12-25,SOLUSDT,2025-12-25T00:00:00Z,122.36000000,124.33000000,119.80000000,120.00000000,652.53000000,2025-12-25T23:59:59.999000Z,79933.57746000,374
2025-12-26,SOLUSDT,2025-12-26T00:00:00Z,120.04000000,125.11000000,119.40000000,122.18000000,1819.33600000,2025-12-26T23:59:59.999000Z,221741.68996000,510
2025-12-27,SOLUSDT,2025-12-27T00:00:00Z,122.37000000,125.12000000,121.91000000,124.67000000,983.25500000,2025-12-27T23:59:59.999000Z,121091.06850000,316
2025-12-28,SOLUSDT,2025-12-28T00:00:00Z,124.66000000,125.59000000,123.18000000,125.34000000,675.98500000,2025-12-28T23:59:59.999000Z,83909.96680000,256
2025-12-29,SOLUSDT,2025-12-29T00:00:00Z,125.34000000,130.00000000,122.48000000,123.26000000,2937.98800000,2025-12-29T23:59:59.999000Z,372066.05002000,767
2025-12-30,SOLUSDT,2025-12-30T00:00:00Z,123.19000000,126.44000000,122.54000000,124.99000000,3025.16500000,2025-12-30T23:59:59.999000Z,374303.40643000,423
2025-12-31,SOLUSDT,2025-12-31T00:00:00Z,125.05000000,128.33000000,123.82000000,124.80000000,38873.41000000,2025-12-31T23:59:59.999000Z,4886458.29284000,4150
2026-01-01,SOLUSDT,2026-01-01T00:00:00Z,124.96000000,128.25000000,124.57000000,127.25000000,18807.34300000,2026-01-01T23:59:59.999000Z,2362593.86106000,2434
2026-01-02,SOLUSDT,2026-01-02T00:00:00Z,127.47000000,133.15000000,126.32000000,132.25000000,21529.12600000,2026-01-02T23:59:59.999000Z,2798603.32838000,2499
2026-01-03,SOLUSDT,2026-01-03T00:00:00Z,132.26000000,133.93000000,129.69000000,133.41000000,4429.76100000,2026-01-03T23:59:59.999000Z,589685.55533000,693
2026-01-04,SOLUSDT,2026-01-04T00:00:00Z,133.46000000,135.39000000,133.17000000,134.01000000,4400.02000000,2026-01-04T23:59:59.999000Z,593355.36983000,506
2026-01-05,SOLUSDT,2026-01-05T00:00:00Z,134.17000000,139.71000000,133.35000000,138.06000000,1803.09000000,2026-01-05T23:59:59.999000Z,246411.22644000,1126
2026-01-06,SOLUSDT,2026-01-06T00:00:00Z,137.95000000,143.36000000,136.24000000,141.13000000,2581.35200000,2026-01-06T23:59:59.999000Z,361585.59670000,1218
2026-01-07,SOLUSDT,2026-01-07T00:00:00Z,140.97000000,141.41000000,134.53000000,136.68000000,41509.21200000,2026-01-07T23:59:59.999000Z,5707119.21541000,2245
2026-01-08,SOLUSDT,2026-01-08T00:00:00Z,136.60000000,140.01000000,132.97000000,138.49000000,19493.91600000,2026-01-08T23:59:59.999000Z,2672965.27353000,1710
2026-01-09,SOLUSDT,2026-01-09T00:00:00Z,138.59000000,141.08000000,135.10000000,136.04000000,1533.00000000,2026-01-09T23:59:59.999000Z,212761.83962000,956
2026-01-10,SOLUSDT,2026-01-10T00:00:00Z,136.00000000,136.99000000,135.50000000,136.14000000,736.19800000,2026-01-10T23:59:59.999000Z,100231.17158000,477
2026-01-11,SOLUSDT,2026-01-11T00:00:00Z,135.82000000,141.48000000,135.82000000,139.57000000,1739.91900000,2026-01-11T23:59:59.999000Z,240931.63921000,734
2026-01-12,SOLUSDT,2026-01-12T00:00:00Z,139.61000000,144.35000000,138.40000000,139.37000000,2943.45200000,2026-01-12T23:59:59.999000Z,416977.31027000,1247
2026-01-13,SOLUSDT,2026-01-13T00:00:00Z,139.29000000,148.01000000,137.90000000,145.38000000,2239.08900000,2026-01-13T23:59:59.999000Z,322502.74984000,1192
2026-01-14,SOLUSDT,2026-01-14T00:00:00Z,145.62000000,148.29000000,143.42000000,146.89000000,1728.79400000,2026-01-14T23:59:59.999000Z,252488.49337000,862
2026-01-15,SOLUSDT,2026-01-15T00:00:00Z,146.78000000,146.78000000,141.05000000,142.35000000,2073.60900000,2026-01-15T23:59:59.999000Z,297961.86647000,772
2026-01-16,SOLUSDT,2026-01-16T00:00:00Z,142.52000000,145.50000000,140.35000000,144.90000000,1387.00100000,2026-01-16T23:59:59.999000Z,199282.87694000,728
2026-01-17,SOLUSDT,2026-01-17T00:00:00Z,144.95000000,144.95000000,143.44000000,143.75000000,1459.55100000,2026-01-17T23:59:59.999000Z,210536.91561000,669
2026-01-18,SOLUSDT,2026-01-18T00:00:00Z,143.79000000,143.86000000,137.81000000,137.81000000,3873.53700000,2026-01-18T23:59:59.999000Z,547001.11335000,814
2026-01-19,SOLUSDT,2026-01-19T00:00:00Z,137.82000000,138.00000000,130.12000000,133.41000000,6794.53700000,2026-01-19T23:59:59.999000Z,909474.70303000,1233
2026-01-20,SOLUSDT,2026-01-20T00:00:00Z,133.66000000,134.56000000,124.79000000,125.81000000,14759.59500000,2026-01-20T23:59:59.999000Z,1906311.76308000,1378
2026-01-21,SOLUSDT,2026-01-21T00:00:00Z,125.82000000,132.09000000,125.47000000,129.39000000,7576.22300000,2026-01-21T23:59:59.999000Z,973693.64114000,1035
2026-01-22,SOLUSDT,2026-01-22T00:00:00Z,129.83000000,130.89000000,126.83000000,128.39000000,1744.75400000,2026-01-22T23:59:59.999000Z,225008.79381000,446
2026-01-23,SOLUSDT,2026-01-23T00:00:00Z,128.49000000,130.13000000,125.47000000,127.41000000,1828.57600000,2026-01-23T23:59:59.999000Z,233589.45874000,597
2026-01-24,SOLUSDT,2026-01-24T00:00:00Z,127.43000000,128.08000000,126.72000000,127.21000000,671.21500000,2026-01-24T23:59:59.999000Z,85464.99335000,318
2026-01-25,SOLUSDT,2026-01-25T00:00:00Z,127.43000000,127.49000000,117.25000000,118.92000000,6527.42600000,2026-01-25T23:59:59.999000Z,787789.75408000,997
2026-01-26,SOLUSDT,2026-01-26T00:00:00Z,118.83000000,125.53000000,118.71000000,124.20000000,2765.51900000,2026-01-26T23:59:59.999000Z,339054.54598000,745
2026-01-27,SOLUSDT,2026-01-27T00:00:00Z,124.14000000,127.77000000,123.18000000,127.44000000,2421.91300000,2026-01-27T23:59:59.999000Z,302518.51813000,598
2026-01-28,SOLUSDT,2026-01-28T00:00:00Z,127.11000000,128.30000000,124.84000000,125.21000000,64652.71400000,2026-01-28T23:59:59.999000Z,8190548.80376000,1409
2026-01-29,SOLUSDT,2026-01-29T00:00:00Z,125.38000000,125.50000000,115.43000000,117.78000000,53188.90900000,2026-01-29T23:59:59.999000Z,6543776.79176000,1568
2026-01-30,SOLUSDT,2026-01-30T00:00:00Z,117.93000000,119.04000000,112.19000000,117.55000000,3231.22400000,2026-01-30T23:59:59.999000Z,374363.97725000,872
2026-01-31,SOLUSDT,2026-01-31T00:00:00Z,117.55000000,118.80000000,96.52000000,105.27000000,8386.65700000,2026-01-31T23:59:59.999000Z,879561.63999000,1671
2026-02-01,SOLUSDT,2026-02-01T00:00:00Z,105.49000000,106.66000000,98.32000000,100.70000000,3199.14200000,2026-02-01T23:59:59.999000Z,327184.36245000,867
2026-02-02,SOLUSDT,2026-02-02T00:00:00Z,101.14000000,106.08000000,96.00000000,104.55000000,5002.99700000,2026-02-02T23:59:59.999000Z,506017.09789000,1080
2026-02-03,SOLUSDT,2026-02-03T00:00:00Z,104.30000000,105.08000000,96.79000000,97.73000000,3083.52500000,2026-02-03T23:59:59.999000Z,311324.73412000,868
2026-02-04,SOLUSDT,2026-02-04T00:00:00Z,97.87000000,99.58000000,89.40000000,92.05000000,4806.51100000,2026-02-04T23:59:59.999000Z,448646.90785000,2203
2026-02-05,SOLUSDT,2026-02-05T00:00:00Z,92.12000000,93.31000000,77.71000000,78.24000000,10673.10900000,2026-02-05T23:59:59.999000Z,894059.20228000,2756
2026-02-06,SOLUSDT,2026-02-06T00:00:00Z,78.58000000,89.79000000,67.52000000,87.51000000,13780.09800000,2026-02-06T23:59:59.999000Z,1108450.98531000,3955
2026-02-07,SOLUSDT,2026-02-07T00:00:00Z,87.26000000,89.13000000,84.24000000,87.79000000,3664.53800000,2026-02-07T23:59:59.999000Z,319748.61690000,745
2026-02-08,SOLUSDT,2026-02-08T00:00:00Z,87.65000000,89.02000000,85.90000000,87.00000000,1876.54300000,2026-02-08T23:59:59.999000Z,164158.74822000,628
2026-02-09,SOLUSDT,2026-02-09T00:00:00Z,87.04000000,88.53000000,82.89000000,86.73000000,1560.28600000,2026-02-09T23:59:59.999000Z,134627.25886000,615
2026-02-10,SOLUSDT,2026-02-10T00:00:00Z,86.84000000,87.41000000,81.97000000,82.95000000,1466.49500000,2026-02-10T23:59:59.999000Z,124015.61840000,502
2026-02-11,SOLUSDT,2026-02-11T00:00:00Z,83.04000000,84.34000000,78.02000000,79.35000000,3254.29700000,2026-02-11T23:59:59.999000Z,263192.90124000,971
2026-02-12,SOLUSDT,2026-02-12T00:00:00Z,79.33000000,82.12000000,76.66000000,78.38000000,1235.93500000,2026-02-12T23:59:59.999000Z,97694.38404000,651
2026-02-13,SOLUSDT,2026-02-13T00:00:00Z,78.42000000,85.57000000,77.60000000,84.37000000,1953.42300000,2026-02-13T23:59:59.999000Z,162247.89274000,915
2026-02-14,SOLUSDT,2026-02-14T00:00:00Z,84.32000000,88.84000000,84.25000000,88.09000000,1893.37700000,2026-02-14T23:59:59.999000Z,164046.79750000,1181
2026-02-15,SOLUSDT,2026-02-15T00:00:00Z,88.07000000,91.20000000,84.96000000,86.17000000,2636.64500000,2026-02-15T23:59:59.999000Z,229863.31256000,1107
2026-02-16,SOLUSDT,2026-02-16T00:00:00Z,86.06000000,86.86000000,82.67000000,86.59000000,1200.46400000,2026-02-16T23:59:59.999000Z,101677.24720000,664
2026-02-17,SOLUSDT,2026-02-17T00:00:00Z,86.47000000,87.62000000,82.92000000,85.21000000,1059.47600000,2026-02-17T23:59:59.999000Z,90613.62133000,528
2026-02-18,SOLUSDT,2026-02-18T00:00:00Z,85.10000000,86.02000000,80.51000000,81.61000000,2603.76000000,2026-02-18T23:59:59.999000Z,215982.63144000,721
2026-02-19,SOLUSDT,2026-02-19T00:00:00Z,81.56000000,82.62000000,79.67000000,82.50000000,1955.35300000,2026-02-19T23:59:59.999000Z,159099.71304000,743
2026-02-20,SOLUSDT,2026-02-20T00:00:00Z,82.42000000,85.41000000,81.89000000,84.45000000,2964.50000000,2026-02-20T23:59:59.999000Z,248733.15306000,892
2026-02-21,SOLUSDT,2026-02-21T00:00:00Z,84.70000000,86.71000000,83.99000000,85.23000000,1546.59400000,2026-02-21T23:59:59.999000Z,132189.43284000,495
2026-02-22,SOLUSDT,2026-02-22T00:00:00Z,85.10000000,85.57000000,82.48000000,82.90000000,1618.48400000,2026-02-22T23:59:59.999000Z,136476.25882000,420
2026-02-23,SOLUSDT,2026-02-23T00:00:00Z,82.78000000,82.82000000,77.29000000,77.70000000,5603.93600000,2026-02-23T23:59:59.999000Z,442120.68966000,1064
2026-02-24,SOLUSDT,2026-02-24T00:00:00Z,78.01000000,79.59000000,75.66000000,79.22000000,4000.33500000,2026-02-24T23:59:59.999000Z,308697.01217000,809
2026-02-25,SOLUSDT,2026-02-25T00:00:00Z,79.04000000,92.00000000,78.76000000,88.03000000,7635.14800000,2026-02-25T23:59:59.999000Z,654542.82211000,2036
2026-02-26,SOLUSDT,2026-02-26T00:00:00Z,87.99000000,89.28000000,84.41000000,85.93000000,4781.58500000,2026-02-26T23:59:59.999000Z,414930.60268000,1022
2026-02-27,SOLUSDT,2026-02-27T00:00:00Z,86.02000000,88.29000000,80.33000000,81.98000000,3769.40900000,2026-02-27T23:59:59.999000Z,314162.53463000,1075
2026-02-28,SOLUSDT,2026-02-28T00:00:00Z,81.91000000,85.68000000,77.19000000,84.30000000,5684.59800000,2026-02-28T23:59:59.999000Z,461746.63602000,1308
2026-03-01,SOLUSDT,2026-03-01T00:00:00Z,84.59000000,88.84000000,81.67000000,83.57000000,3189.69000000,2026-03-01T23:59:59.999000Z,271699.95048000,1373
2026-03-02,SOLUSDT,2026-03-02T00:00:00Z,83.62000000,90.28000000,82.41000000,86.71000000,2960.51200000,2026-03-02T23:59:59.999000Z,255653.75950000,1160
2026-03-03,SOLUSDT,2026-03-03T00:00:00Z,86.63000000,87.42000000,82.53000000,86.96000000,3474.92400000,2026-03-03T23:59:59.999000Z,295800.62899000,1107
2026-03-04,SOLUSDT,2026-03-04T00:00:00Z,86.96000000,94.02000000,84.82000000,90.74000000,4813.10300000,2026-03-04T23:59:59.999000Z,434604.18852000,1699
2026-03-05,SOLUSDT,2026-03-05T00:00:00Z,91.01000000,92.88000000,87.98000000,88.74000000,2302.85300000,2026-03-05T23:59:59.999000Z,207563.07714000,828
2026-03-06,SOLUSDT,2026-03-06T00:00:00Z,88.85000000,89.25000000,83.60000000,84.68000000,1958.27500000,2026-03-06T23:59:59.999000Z,168190.90926000,577
2026-03-07,SOLUSDT,2026-03-07T00:00:00Z,84.76000000,85.06000000,82.33000000,83.19000000,1748.64600000,2026-03-07T23:59:59.999000Z,146489.08827000,347
2026-03-08,SOLUSDT,2026-03-08T00:00:00Z,83.33000000,84.04000000,80.28000000,81.67000000,1634.12700000,2026-03-08T23:59:59.999000Z,134377.01415000,543
2026-03-09,SOLUSDT,2026-03-09T00:00:00Z,81.59000000,86.99000000,81.59000000,85.00000000,1689.07000000,2026-03-09T23:59:59.999000Z,143728.03137000,739
2026-03-10,SOLUSDT,2026-03-10T00:00:00Z,84.96000000,88.79000000,84.90000000,85.89000000,2906.42700000,2026-03-10T23:59:59.999000Z,251850.95055000,902
2026-03-11,SOLUSDT,2026-03-11T00:00:00Z,85.72000000,88.03000000,84.41000000,86.60000000,6393.33400000,2026-03-11T23:59:59.999000Z,552595.97392000,1879
2026-03-12,SOLUSDT,2026-03-12T00:00:00Z,86.56000000,87.62000000,84.75000000,86.81000000,1464.67200000,2026-03-12T23:59:59.999000Z,126388.07618000,754
2026-03-13,SOLUSDT,2026-03-13T00:00:00Z,86.92000000,92.88000000,86.92000000,88.08000000,3661.70700000,2026-03-13T23:59:59.999000Z,328543.67447000,910
2026-03-14,SOLUSDT,2026-03-14T00:00:00Z,88.12000000,88.66000000,86.62000000,87.93000000,1217.69400000,2026-03-14T23:59:59.999000Z,106753.24688000,292
2026-03-15,SOLUSDT,2026-03-15T00:00:00Z,88.08000000,93.25000000,87.42000000,92.29000000,2106.01900000,2026-03-15T23:59:59.999000Z,189684.82218000,724
2026-03-16,SOLUSDT,2026-03-16T00:00:00Z,92.61000000,97.65000000,91.23000000,96.36000000,6434.34500000,2026-03-16T23:59:59.999000Z,604558.21753000,1105
2026-03-17,SOLUSDT,2026-03-17T00:00:00Z,95.82000000,96.79000000,93.29000000,94.75000000,4883.77600000,2026-03-17T23:59:59.999000Z,462232.65713000,2040
2026-03-18,SOLUSDT,2026-03-18T00:00:00Z,94.65000000,95.50000000,88.64000000,89.98000000,2214.29700000,2026-03-18T23:59:59.999000Z,201426.93175000,710
2026-03-19,SOLUSDT,2026-03-19T00:00:00Z,89.99000000,91.39000000,87.00000000,88.93000000,1802.98900000,2026-03-19T23:59:59.999000Z,160613.80582000,667
2026-03-20,SOLUSDT,2026-03-20T00:00:00Z,88.94000000,90.44000000,88.19000000,89.90000000,1264.32300000,2026-03-20T23:59:59.999000Z,112759.62563000,578
2026-03-21,SOLUSDT,2026-03-21T00:00:00Z,89.91000000,90.73000000,87.27000000,87.27000000,813.65700000,2026-03-21T23:59:59.999000Z,73135.45199000,452
2026-03-22,SOLUSDT,2026-03-22T00:00:00Z,87.51000000,89.14000000,85.30000000,86.22000000,2675.19500000,2026-03-22T23:59:59.999000Z,233404.88666000,526
2026-03-23,SOLUSDT,2026-03-23T00:00:00Z,86.29000000,92.21000000,85.15000000,91.50000000,4798.74600000,2026-03-23T23:59:59.999000Z,430339.74217000,1311
2026-03-24,SOLUSDT,2026-03-24T00:00:00Z,91.45000000,92.15000000,88.55000000,90.89000000,1622.15400000,2026-03-24T23:59:59.999000Z,146655.11203000,648
2026-03-25,SOLUSDT,2026-03-25T00:00:00Z,90.85000000,93.39000000,90.85000000,91.73000000,1448.69200000,2026-03-25T23:59:59.999000Z,133334.93565000,646
2026-03-26,SOLUSDT,2026-03-26T00:00:00Z,91.70000000,91.95000000,85.50000000,86.48000000,2449.06500000,2026-03-26T23:59:59.999000Z,214553.94005000,728
2026-03-27,SOLUSDT,2026-03-27T00:00:00Z,86.50000000,87.00000000,81.95000000,83.08000000,2002.31900000,2026-03-27T23:59:59.999000Z,168417.30673000,567
2026-03-28,SOLUSDT,2026-03-28T00:00:00Z,83.05000000,84.26000000,81.80000000,82.08000000,1007.01500000,2026-03-28T23:59:59.999000Z,83538.86313000,331
2026-03-29,SOLUSDT,2026-03-29T00:00:00Z,82.14000000,83.17000000,79.40000000,81.40000000,1181.94700000,2026-03-29T23:59:59.999000Z,95877.81199000,421
2026-03-30,SOLUSDT,2026-03-30T00:00:00Z,81.46000000,85.01000000,81.22000000,82.55000000,2074.07100000,2026-03-30T23:59:59.999000Z,171598.54025000,754
2026-03-31,SOLUSDT,2026-03-31T00:00:00Z,82.49000000,84.57000000,80.04000000,83.17000000,1023.18600000,2026-03-31T23:59:59.999000Z,83738.54293000,615
2026-04-01,SOLUSDT,2026-04-01T00:00:00Z,83.20000000,86.59000000,80.81000000,81.13000000,1774.59000000,2026-04-01T23:59:59.999000Z,147857.52820000,705
2026-04-02,SOLUSDT,2026-04-02T00:00:00Z,81.11000000,81.69000000,76.81000000,78.90000000,2564.90900000,2026-04-02T23:59:59.999000Z,201985.59406000,811
2026-04-03,SOLUSDT,2026-04-03T00:00:00Z,78.97000000,80.82000000,78.96000000,80.22000000,1634.14700000,2026-04-03T23:59:59.999000Z,130347.01072000,700
2026-04-04,SOLUSDT,2026-04-04T00:00:00Z,80.34000000,81.57000000,79.65000000,80.78000000,812.90500000,2026-04-04T23:59:59.999000Z,65552.08573000,365
2026-04-05,SOLUSDT,2026-04-05T00:00:00Z,80.73000000,82.08000000,78.57000000,81.94000000,1518.94400000,2026-04-05T23:59:59.999000Z,121422.83097000,438
2026-04-06,SOLUSDT,2026-04-06T00:00:00Z,82.00000000,83.17000000,79.71000000,80.05000000,2230.98100000,2026-04-06T23:59:59.999000Z,183031.81297000,622
2026-04-07,SOLUSDT,2026-04-07T00:00:00Z,79.97000000,86.98000000,78.41000000,85.58000000,3377.15000000,2026-04-07T23:59:59.999000Z,277858.51110000,962
2026-04-08,SOLUSDT,2026-04-08T00:00:00Z,85.80000000,85.80000000,82.35000000,82.61000000,1674.98300000,2026-04-08T23:59:59.999000Z,140871.65318000,595
2026-04-09,SOLUSDT,2026-04-09T00:00:00Z,82.56000000,85.86000000,81.46000000,83.32000000,1873.55400000,2026-04-09T23:59:59.999000Z,156349.87985000,751
2026-04-10,SOLUSDT,2026-04-10T00:00:00Z,83.26000000,85.60000000,82.70000000,84.83000000,1043.50000000,2026-04-10T23:59:59.999000Z,87871.93999000,696
2026-04-11,SOLUSDT,2026-04-11T00:00:00Z,84.78000000,86.22000000,83.80000000,84.97000000,1140.06100000,2026-04-11T23:59:59.999000Z,96860.76176000,763
2026-04-12,SOLUSDT,2026-04-12T00:00:00Z,84.87000000,84.98000000,81.31000000,81.46000000,1280.76000000,2026-04-12T23:59:59.999000Z,105396.17650000,666
2026-04-13,SOLUSDT,2026-04-13T00:00:00Z,81.52000000,86.77000000,81.43000000,86.56000000,1985.35700000,2026-04-13T23:59:59.999000Z,168069.89253000,821
2026-04-14,SOLUSDT,2026-04-14T00:00:00Z,86.65000000,87.62000000,83.35000000,83.84000000,1857.04400000,2026-04-14T23:59:59.999000Z,158924.66642000,847
2026-04-15,SOLUSDT,2026-04-15T00:00:00Z,83.80000000,85.77000000,82.69000000,84.87000000,931.95100000,2026-04-15T23:59:59.999000Z,78420.96807000,545
2026-04-16,SOLUSDT,2026-04-16T00:00:00Z,84.87000000,90.47000000,83.85000000,89.05000000,2258.05300000,2026-04-16T23:59:59.999000Z,197609.65519000,947
2026-04-17,SOLUSDT,2026-04-17T00:00:00Z,89.09000000,90.70000000,87.41000000,88.83000000,3396.43400000,2026-04-17T23:59:59.999000Z,302027.08741000,773
2026-04-18,SOLUSDT,2026-04-18T00:00:00Z,88.95000000,89.16000000,85.92000000,86.15000000,1238.14600000,2026-04-18T23:59:59.999000Z,108086.10991000,460
2026-04-19,SOLUSDT,2026-04-19T00:00:00Z,86.22000000,87.06000000,83.00000000,83.52000000,1323.46100000,2026-04-19T23:59:59.999000Z,111772.80467000,492
2026-04-20,SOLUSDT,2026-04-20T00:00:00Z,83.45000000,86.19000000,83.44000000,85.35000000,693.54600000,2026-04-20T23:59:59.999000Z,59107.19669000,578
2026-04-21,SOLUSDT,2026-04-21T00:00:00Z,85.27000000,86.86000000,84.35000000,86.02000000,1163.34800000,2026-04-21T23:59:59.999000Z,99309.01432000,483
2026-04-22,SOLUSDT,2026-04-22T00:00:00Z,86.04000000,89.32000000,86.04000000,86.99000000,2182.29900000,2026-04-22T23:59:59.999000Z,191494.62349000,650
2026-04-23,SOLUSDT,2026-04-23T00:00:00Z,87.00000000,87.10000000,84.55000000,86.14000000,1336.00800000,2026-04-23T23:59:59.999000Z,114747.96165000,529
2026-04-24,SOLUSDT,2026-04-24T00:00:00Z,86.13000000,86.91000000,85.03000000,86.23000000,1239.43700000,2026-04-24T23:59:59.999000Z,106675.58902000,398
2026-04-25,SOLUSDT,2026-04-25T00:00:00Z,86.17000000,86.70000000,85.48000000,86.12000000,976.39600000,2026-04-25T23:59:59.999000Z,84161.96471000,247
2026-04-26,SOLUSDT,2026-04-26T00:00:00Z,86.18000000,87.28000000,85.88000000,87.10000000,1721.19500000,2026-04-26T23:59:59.999000Z,148926.62025000,406
2026-04-27,SOLUSDT,2026-04-27T00:00:00Z,86.92000000,88.03000000,83.71000000,84.68000000,3316.48000000,2026-04-27T23:59:59.999000Z,281842.64231000,769
2026-04-28,SOLUSDT,2026-04-28T00:00:00Z,84.84000000,84.84000000,83.03000000,84.01000000,1966.02700000,2026-04-28T23:59:59.999000Z,164819.52102000,447
2026-04-29,SOLUSDT,2026-04-29T00:00:00Z,84.05000000,85.51000000,81.46000000,82.96000000,2674.53000000,2026-04-29T23:59:59.999000Z,224436.60271000,1126
2026-04-30,SOLUSDT,2026-04-30T00:00:00Z,83.11000000,83.97000000,82.22000000,83.09000000,1186.75000000,2026-04-30T23:59:59.999000Z,98841.99698000,689
2026-05-01,SOLUSDT,2026-05-01T00:00:00Z,83.11000000,84.80000000,83.11000000,83.70000000,1273.95400000,2026-05-01T23:59:59.999000Z,106886.11648000,567
2026-05-02,SOLUSDT,2026-05-02T00:00:00Z,83.75000000,84.92000000,83.52000000,84.45000000,1471.75700000,2026-05-02T23:59:59.999000Z,123654.51965000,405
2026-05-03,SOLUSDT,2026-05-03T00:00:00Z,84.28000000,84.93000000,83.59000000,83.95000000,1807.96100000,2026-05-03T23:59:59.999000Z,152362.36324000,535
2026-05-04,SOLUSDT,2026-05-04T00:00:00Z,83.86000000,85.86000000,83.31000000,84.10000000,4514.12300000,2026-05-04T23:59:59.999000Z,380817.90745000,951
2026-05-05,SOLUSDT,2026-05-05T00:00:00Z,84.07000000,86.92000000,84.07000000,86.36000000,3620.07900000,2026-05-05T23:59:59.999000Z,309833.67453000,1156
2026-05-06,SOLUSDT,2026-05-06T00:00:00Z,86.33000000,89.97000000,86.13000000,89.13000000,9444.05700000,2026-05-06T23:59:59.999000Z,826294.84321000,2001
2026-05-07,SOLUSDT,2026-05-07T00:00:00Z,89.14000000,90.42000000,87.68000000,88.42000000,1926.91400000,2026-05-07T23:59:59.999000Z,170679.44004000,1211
2026-05-08,SOLUSDT,2026-05-08T00:00:00Z,88.46000000,92.76000000,87.69000000,91.94000000,5545.34500000,2026-05-08T23:59:59.999000Z,500408.91003000,1351
2026-05-09,SOLUSDT,2026-05-09T00:00:00Z,91.92000000,94.13000000,91.92000000,93.15000000,5867.07700000,2026-05-09T23:59:59.999000Z,546612.54741000,1534
2026-05-10,SOLUSDT,2026-05-10T00:00:00Z,93.05000000,96.90000000,92.66000000,96.38000000,5743.49500000,2026-05-10T23:59:59.999000Z,543634.84774000,1605
2026-05-11,SOLUSDT,2026-05-11T00:00:00Z,96.53000000,98.40000000,93.32000000,97.45000000,4078.58100000,2026-05-11T23:59:59.999000Z,391230.86957000,1963
2026-05-12,SOLUSDT,2026-05-12T00:00:00Z,97.36000000,97.69000000,93.64000000,94.32000000,4045.61300000,2026-05-12T23:59:59.999000Z,384279.81684000,1180
2026-05-13,SOLUSDT,2026-05-13T00:00:00Z,94.12000000,96.00000000,90.31000000,91.16000000,4668.97700000,2026-05-13T23:59:59.999000Z,433479.63592000,1455
2026-05-14,SOLUSDT,2026-05-14T00:00:00Z,91.25000000,93.62000000,89.88000000,92.17000000,2265.04900000,2026-05-14T23:59:59.999000Z,207893.11127000,975
2026-05-15,SOLUSDT,2026-05-15T00:00:00Z,92.17000000,92.64000000,88.54000000,89.84000000,3185.59300000,2026-05-15T23:59:59.999000Z,288840.80958000,961
